,accuracy,precision,recall,f1
SOLUSDT_logistic_regression,0.35135135135135137,0.12344777209642074,0.35135135135135137,0.1827027027027027
SOLUSDT_random_forest,0.5945945945945946,0.4160739687055477,0.5945945945945946,0.48948343504795117
